[{
    "nombre": "Juan",
    "apellidos": "Benavies Valbuena",
    "dni":"05467954",
    "fechanacieminto":"01-12-2021",
    "direccion":"jr. los alamos 135 Lima - Peru",
    "telefono": "984589459",
    "usuario":"juan@gmail.com",
    "password":"Compra01"
},
{
    "nombre": "Juan",
    "apellidos": "Benavies Valbuena",
    "dni":"05467954",
    "fechanacieminto":"01-12-2021",
    "direccion":"jr. los alamos 135 Lima - Peru",
    "telefono": "984589459",
    "usuario":"comprador01@gmail.com",
    "password":"Comprador02"
},
{
    "nombre": "Juan",
    "apellidos": "Benavies Valbuena",
    "dni":"05467954",
    "fechanacieminto":"01-12-2021",
    "direccion":"jr. los alamos 135 Lima - Peru",
    "telefono": "984589459",
    "usuario":"coderhouse@gmail.com",
    "password":"Coders2021"
}]